customer_id,tenure_months,monthly_charges,contract_type,internet_service,support_calls_last_3m,late_payments_last_6m,paperless_billing,autopay,churn
C100000,6,77.46,Month-to-month,Fiber optic,1,2,1,0,0
C100001,55,50.45,One year,Fiber optic,0,0,1,1,0
C100002,47,61.54,One year,DSL,2,0,1,0,0
C100003,31,11.62,Month-to-month,DSL,1,1,0,1,0
C100004,31,34.19,Month-to-month,DSL,1,1,1,1,0
C100005,61,49.71,Month-to-month,None,2,1,0,0,0
C100006,6,35.7,Two year,Fiber optic,0,1,1,1,0
C100007,50,67.86,Month-to-month,DSL,2,0,1,0,0
C100008,14,90.95,Month-to-month,Fiber optic,3,1,1,0,1
C100009,6,33.82,Two year,DSL,2,0,1,0,0
C100010,37,39.93,Month-to-month,DSL,1,2,1,1,0
C100011,70,59.24,Month-to-month,DSL,0,1,0,0,1
C100012,52,84.0,Month-to-month,None,1,1,1,1,0
C100013,54,33.0,Month-to-month,Fiber optic,0,0,0,0,0
C100014,51,59.48,Month-to-month,Fiber optic,0,0,0,1,0
C100015,56,87.78,Month-to-month,DSL,2,0,1,1,0
C100016,36,25.27,One year,DSL,0,1,1,0,0
C100017,9,31.94,One year,Fiber optic,2,1,0,1,0
C100018,60,47.38,Month-to-month,DSL,2,0,1,1,0
C100019,32,45.63,Month-to-month,None,2,3,1,0,1
C100020,36,69.63,Month-to-month,Fiber optic,2,0,1,0,1
C100021,26,59.35,Two year,Fiber optic,3,1,1,0,0
C100022,13,23.05,Month-to-month,Fiber optic,1,0,0,1,0
C100023,66,64.28,One year,None,0,2,1,1,0
C100024,56,44.6,Month-to-month,Fiber optic,2,0,0,1,0
C100025,46,77.94,One year,Fiber optic,1,1,0,1,1
C100026,28,43.7,Month-to-month,None,1,1,1,1,1
C100027,59,43.54,One year,DSL,0,0,1,0,0
C100028,39,64.74,Month-to-month,None,1,0,0,0,0
C100029,31,68.73,Two year,DSL,1,3,1,1,1
C100030,32,63.07,Month-to-month,Fiber optic,2,2,1,0,1
C100031,16,24.66,One year,Fiber optic,0,1,1,0,0
C100032,6,64.68,One year,Fiber optic,0,0,0,1,0
C100033,39,36.38,Two year,Fiber optic,2,0,1,1,0
C100034,63,59.23,Month-to-month,Fiber optic,1,0,0,1,1
C100035,4,29.37,Month-to-month,DSL,2,2,0,0,0
C100036,61,63.03,Month-to-month,DSL,2,1,0,1,1
C100037,59,40.48,Month-to-month,DSL,0,0,0,0,1
C100038,19,31.91,Month-to-month,Fiber optic,0,0,0,0,1
C100039,45,67.85,Two year,Fiber optic,1,0,0,1,0
C100040,11,59.35,Two year,DSL,3,0,1,1,1
C100041,54,43.95,Month-to-month,None,0,0,1,1,1
C100042,50,81.12,One year,DSL,1,0,0,1,0
C100043,25,47.07,Two year,Fiber optic,4,0,1,1,1
C100044,4,55.58,Two year,Fiber optic,2,1,0,0,0
C100045,69,59.84,Month-to-month,DSL,0,0,1,0,0
C100046,32,43.85,Month-to-month,Fiber optic,0,1,1,1,1
C100047,64,63.48,One year,Fiber optic,1,1,1,1,0
C100048,48,45.4,Month-to-month,DSL,3,1,0,0,0
C100049,56,47.59,Month-to-month,None,1,1,1,0,0
C100050,54,79.53,Two year,Fiber optic,2,0,1,0,0
C100051,14,36.27,Two year,Fiber optic,0,0,1,0,0
C100052,26,11.57,Two year,None,0,0,1,1,0
C100053,33,84.0,One year,None,2,1,1,0,0
C100054,35,100.89,Month-to-month,DSL,0,0,0,0,0
C100055,3,47.71,Month-to-month,Fiber optic,1,1,1,1,0
C100056,39,20.14,Month-to-month,Fiber optic,4,0,0,0,1
C100057,11,49.41,Month-to-month,DSL,1,1,1,0,1
C100058,53,49.85,Month-to-month,DSL,0,3,1,0,0
C100059,49,51.58,One year,DSL,1,0,1,0,0
C100060,66,34.96,Month-to-month,Fiber optic,3,1,1,0,1
C100061,53,65.43,One year,Fiber optic,2,1,0,0,0
C100062,26,64.44,Month-to-month,Fiber optic,3,0,0,0,0
C100063,69,28.1,Month-to-month,DSL,0,0,1,0,0
C100064,29,67.59,Month-to-month,DSL,1,0,1,0,0
C100065,23,91.95,Month-to-month,Fiber optic,0,0,1,0,0
C100066,65,58.1,Two year,Fiber optic,1,1,1,1,0
C100067,26,48.93,Month-to-month,None,0,2,1,0,1
C100068,5,52.44,Month-to-month,None,1,1,1,0,1
C100069,33,66.07,One year,None,1,0,1,1,0
C100070,57,23.85,Month-to-month,None,1,0,0,0,1
C100071,13,57.96,Month-to-month,None,1,2,0,0,1
C100072,33,47.97,Month-to-month,Fiber optic,1,1,1,1,0
C100073,9,88.26,Month-to-month,DSL,0,1,1,1,0
C100074,49,51.86,One year,DSL,3,1,1,0,0
C100075,34,85.02,Month-to-month,DSL,0,2,0,1,0
C100076,23,35.13,Month-to-month,DSL,2,1,0,1,0
C100077,16,65.57,Month-to-month,DSL,2,1,1,0,0
C100078,40,60.75,Month-to-month,None,1,1,1,0,0
C100079,48,39.36,Month-to-month,DSL,0,1,0,0,0
C100080,67,58.19,One year,None,1,0,0,1,0
C100081,31,76.83,Month-to-month,Fiber optic,3,0,0,0,1
C100082,11,49.17,One year,Fiber optic,0,1,1,0,0
C100083,59,24.54,Month-to-month,Fiber optic,1,1,1,0,1
C100084,45,54.68,Month-to-month,DSL,3,1,1,1,0
C100085,50,38.76,Month-to-month,Fiber optic,1,1,0,0,1
C100086,7,48.84,One year,DSL,1,2,1,0,0
C100087,22,53.53,Two year,None,0,0,1,0,0
C100088,55,24.3,Month-to-month,DSL,2,0,0,1,1
C100089,59,25.92,Month-to-month,DSL,0,1,0,0,0
C100090,31,63.68,Two year,Fiber optic,1,1,1,1,0
C100091,57,45.59,Month-to-month,Fiber optic,0,0,0,0,0
C100092,60,10.0,Month-to-month,Fiber optic,1,2,1,0,1
C100093,27,69.13,Month-to-month,Fiber optic,1,2,1,0,1
C100094,64,59.9,One year,DSL,0,1,1,0,0
C100095,20,42.15,One year,Fiber optic,0,1,1,0,0
C100096,17,31.3,Month-to-month,DSL,0,0,1,1,1
C100097,49,70.04,Two year,DSL,0,0,0,0,0
C100098,45,61.29,Month-to-month,DSL,1,1,1,1,0
C100099,10,97.89,Month-to-month,DSL,2,1,0,0,0
C100100,59,62.56,Month-to-month,DSL,2,0,1,1,0
C100101,14,61.98,Month-to-month,Fiber optic,0,1,1,0,0
C100102,57,52.0,Month-to-month,DSL,1,0,1,0,0
C100103,0,69.7,Month-to-month,DSL,1,1,1,0,1
C100104,57,66.25,Month-to-month,Fiber optic,1,0,0,1,1
C100105,56,77.53,One year,DSL,1,1,1,1,0
C100106,56,45.62,Month-to-month,Fiber optic,1,1,0,1,1
C100107,47,47.16,Month-to-month,None,0,0,1,1,0
C100108,33,46.38,One year,Fiber optic,4,2,1,0,1
C100109,50,69.23,One year,None,1,1,1,0,0
C100110,19,81.97,One year,DSL,1,4,1,0,0
C100111,56,46.74,One year,DSL,2,1,1,1,0
C100112,40,47.35,One year,Fiber optic,2,1,0,0,1
C100113,33,60.65,Month-to-month,Fiber optic,0,0,0,0,0
C100114,36,50.58,Month-to-month,Fiber optic,0,0,0,1,0
C100115,40,72.14,One year,DSL,2,0,0,0,1
C100116,2,14.47,Month-to-month,Fiber optic,1,0,1,1,0
C100117,10,40.12,Month-to-month,DSL,1,0,1,0,1
C100118,17,40.92,Month-to-month,DSL,2,1,1,1,0
C100119,8,13.23,Month-to-month,DSL,0,2,1,1,1
C100120,31,37.65,Month-to-month,None,3,0,1,1,0
C100121,48,38.53,Month-to-month,DSL,1,2,1,0,0
C100122,47,51.38,One year,Fiber optic,1,2,1,0,0
C100123,33,75.03,Two year,Fiber optic,1,1,1,0,0
C100124,61,50.59,Month-to-month,Fiber optic,0,1,1,0,0
C100125,40,36.45,Two year,Fiber optic,1,0,0,1,0
C100126,5,53.97,Month-to-month,None,2,1,1,0,1
C100127,55,73.89,Two year,DSL,0,1,0,0,0
C100128,41,37.43,Two year,DSL,1,1,1,0,0
C100129,45,38.61,Month-to-month,Fiber optic,3,1,1,1,0
C100130,40,65.05,One year,DSL,1,0,0,0,0
C100131,39,51.01,Two year,DSL,1,0,0,0,0
C100132,6,66.65,Two year,DSL,1,3,1,0,0
C100133,40,54.75,Two year,DSL,0,0,1,0,0
C100134,57,67.63,Month-to-month,DSL,1,0,1,1,0
C100135,21,36.37,Month-to-month,DSL,2,1,1,0,1
C100136,43,54.78,One year,None,0,0,1,1,0
C100137,2,51.21,One year,DSL,0,2,1,1,0
C100138,25,33.11,One year,None,0,0,1,1,1
C100139,31,26.86,Month-to-month,None,1,0,1,1,1
C100140,70,67.34,Month-to-month,DSL,1,0,0,1,0
C100141,15,48.68,Month-to-month,Fiber optic,0,0,1,0,0
C100142,19,36.6,One year,Fiber optic,2,1,0,0,0
C100143,29,53.27,Month-to-month,Fiber optic,2,3,0,1,0
C100144,71,75.3,One year,DSL,1,0,1,1,0
C100145,61,13.95,One year,DSL,2,0,0,0,0
C100146,2,28.06,Month-to-month,DSL,2,0,1,0,0
C100147,16,38.39,Month-to-month,Fiber optic,0,2,1,0,1
C100148,59,81.3,Month-to-month,None,2,0,0,0,0
C100149,4,60.09,Two year,Fiber optic,1,1,1,0,0
C100150,61,68.81,One year,Fiber optic,0,1,1,0,0
C100151,20,34.48,Month-to-month,None,2,0,1,0,1
C100152,66,34.85,Month-to-month,Fiber optic,0,0,0,1,0
C100153,21,63.06,Month-to-month,DSL,1,0,1,1,1
C100154,31,56.05,Month-to-month,None,1,0,1,1,1
C100155,47,64.88,Two year,DSL,0,1,1,1,0
C100156,9,51.62,One year,DSL,1,1,1,0,0
C100157,40,60.01,Month-to-month,Fiber optic,1,0,1,0,1
C100158,36,57.85,Two year,None,3,0,1,1,1
C100159,56,69.0,Month-to-month,DSL,2,0,0,1,0
C100160,71,69.53,Two year,Fiber optic,0,0,1,1,0
C100161,47,25.84,Month-to-month,DSL,1,0,1,1,0
C100162,29,14.55,One year,DSL,2,3,1,1,0
C100163,29,73.03,Two year,DSL,2,1,1,1,0
C100164,30,76.38,Month-to-month,Fiber optic,1,0,1,1,1
C100165,58,36.63,One year,None,2,0,1,1,0
C100166,23,21.52,Two year,DSL,1,1,1,0,0
C100167,12,56.78,Month-to-month,DSL,1,0,0,0,0
C100168,24,71.76,Month-to-month,DSL,4,0,0,0,1
C100169,1,87.36,One year,DSL,3,1,0,0,0
C100170,7,64.29,Month-to-month,Fiber optic,1,4,1,1,1
C100171,6,48.31,Month-to-month,Fiber optic,2,1,1,0,0
C100172,55,38.92,Month-to-month,Fiber optic,0,1,1,0,1
C100173,52,55.21,One year,DSL,2,0,1,1,0
C100174,50,49.61,Month-to-month,Fiber optic,1,0,0,0,0
C100175,33,36.73,Month-to-month,DSL,4,0,1,1,0
C100176,51,91.88,One year,DSL,1,1,1,0,0
C100177,11,87.13,Month-to-month,None,0,2,1,0,0
C100178,64,75.45,One year,Fiber optic,0,0,0,0,1
C100179,36,38.42,Month-to-month,None,2,0,0,0,0
C100180,67,70.39,Two year,None,2,0,0,0,0
C100181,10,66.51,One year,Fiber optic,0,0,1,0,0
C100182,35,62.97,Month-to-month,None,0,0,1,0,0
C100183,50,77.49,Two year,Fiber optic,1,0,0,0,0
C100184,35,66.44,Month-to-month,DSL,1,1,0,1,0
C100185,32,68.32,Month-to-month,DSL,3,0,0,0,1
C100186,11,66.46,Month-to-month,DSL,2,0,1,0,0
C100187,27,61.13,One year,DSL,0,1,1,0,0
C100188,17,22.89,Month-to-month,DSL,0,0,1,1,0
C100189,21,56.51,Month-to-month,Fiber optic,0,0,0,1,1
C100190,49,44.99,Month-to-month,Fiber optic,1,2,1,1,1
C100191,45,31.96,Month-to-month,Fiber optic,0,1,1,1,0
C100192,43,85.27,Month-to-month,DSL,1,1,1,0,0
C100193,26,86.12,Month-to-month,Fiber optic,1,1,1,1,0
C100194,69,79.47,Month-to-month,DSL,0,1,1,0,0
C100195,6,59.59,Month-to-month,DSL,0,0,1,1,0
C100196,24,79.31,One year,DSL,0,2,1,0,0
C100197,8,55.22,Month-to-month,DSL,0,1,0,0,1
C100198,24,58.65,One year,DSL,1,0,1,1,0
C100199,69,35.32,Month-to-month,Fiber optic,0,1,1,1,0
C100200,26,62.15,Month-to-month,Fiber optic,2,0,1,1,0
C100201,65,56.09,Month-to-month,Fiber optic,1,1,1,0,1
C100202,35,31.55,Month-to-month,DSL,2,0,1,0,0
C100203,50,54.08,Month-to-month,Fiber optic,0,0,0,0,1
C100204,32,53.56,One year,Fiber optic,3,1,1,0,1
C100205,19,87.36,Month-to-month,DSL,1,0,1,0,0
C100206,55,71.1,Month-to-month,Fiber optic,2,1,1,0,1
C100207,69,55.21,Month-to-month,Fiber optic,0,0,1,1,1
C100208,18,59.48,Month-to-month,Fiber optic,1,2,0,0,0
C100209,56,55.8,Month-to-month,DSL,1,2,0,1,0
C100210,18,51.35,Month-to-month,Fiber optic,1,2,0,1,0
C100211,51,35.52,Month-to-month,DSL,0,1,1,1,0
C100212,56,52.28,Month-to-month,DSL,1,2,1,0,0
C100213,32,41.57,One year,DSL,0,3,1,0,0
C100214,53,32.49,Two year,None,1,0,0,0,0
C100215,19,64.2,Month-to-month,DSL,0,1,1,1,0
C100216,5,62.04,One year,DSL,0,1,1,0,1
C100217,6,22.84,One year,DSL,0,1,0,0,1
C100218,32,52.79,Month-to-month,None,2,1,0,1,1
C100219,64,72.92,One year,Fiber optic,3,1,1,1,0
C100220,9,74.07,One year,None,0,1,1,1,0
C100221,32,73.47,Two year,DSL,2,1,0,0,0
C100222,50,55.7,Two year,DSL,1,0,0,1,0
C100223,14,39.79,Month-to-month,Fiber optic,2,0,0,0,1
C100224,51,35.49,Month-to-month,DSL,1,0,0,0,0
C100225,22,61.2,Month-to-month,Fiber optic,1,2,0,1,1
C100226,58,61.83,Month-to-month,None,3,0,1,1,1
C100227,41,78.17,Month-to-month,Fiber optic,1,0,1,0,0
C100228,39,74.8,Two year,None,0,1,1,0,0
C100229,12,52.62,Month-to-month,Fiber optic,0,0,1,0,0
C100230,33,32.6,Month-to-month,DSL,1,0,1,1,0
C100231,61,49.26,One year,Fiber optic,1,0,0,1,0
C100232,1,58.91,Month-to-month,DSL,0,0,0,0,0
C100233,54,51.36,Month-to-month,Fiber optic,3,0,0,0,1
C100234,35,44.6,Two year,DSL,1,1,1,1,0
C100235,51,59.55,Month-to-month,DSL,1,0,1,1,0
C100236,47,45.93,Month-to-month,Fiber optic,1,1,1,0,1
C100237,31,43.69,Month-to-month,DSL,0,2,1,1,0
C100238,22,60.61,Two year,DSL,1,2,1,1,0
C100239,45,47.76,Month-to-month,Fiber optic,1,0,0,0,0
C100240,10,59.39,Month-to-month,DSL,0,0,1,1,0
C100241,42,59.92,Month-to-month,Fiber optic,1,0,1,1,0
C100242,6,34.49,Month-to-month,DSL,1,2,1,0,0
C100243,46,46.34,Two year,DSL,1,1,1,1,0
C100244,45,80.88,Month-to-month,DSL,3,0,1,1,0
C100245,6,34.08,Two year,Fiber optic,0,1,0,0,0
C100246,54,16.9,Month-to-month,None,1,2,1,0,0
C100247,29,21.49,Month-to-month,DSL,0,1,1,1,1
C100248,56,55.52,Two year,None,1,1,1,0,0
C100249,2,55.56,Month-to-month,Fiber optic,0,0,1,0,0
C100250,12,52.88,Month-to-month,Fiber optic,0,0,1,0,1
C100251,35,76.86,Two year,Fiber optic,1,0,1,1,0
C100252,13,10.0,Month-to-month,Fiber optic,1,0,1,1,0
C100253,23,62.13,Month-to-month,Fiber optic,0,1,1,1,0
C100254,47,83.11,Two year,Fiber optic,1,1,1,1,0
C100255,10,34.7,Month-to-month,Fiber optic,2,0,0,0,0
C100256,48,48.16,Month-to-month,DSL,2,0,1,0,0
C100257,7,41.45,Month-to-month,DSL,2,0,1,1,0
C100258,12,38.9,Month-to-month,Fiber optic,2,1,1,0,1
C100259,42,49.13,Month-to-month,DSL,0,0,1,1,0
C100260,57,80.69,One year,DSL,2,0,1,0,0
C100261,12,88.07,Month-to-month,DSL,2,0,1,0,0
C100262,21,48.95,One year,DSL,0,1,0,1,0
C100263,66,89.29,Month-to-month,Fiber optic,1,0,1,0,1
C100264,71,55.64,Month-to-month,Fiber optic,0,1,1,0,1
C100265,41,86.57,Month-to-month,Fiber optic,1,1,0,0,1
C100266,32,53.32,One year,DSL,0,0,1,0,0
C100267,24,57.36,Month-to-month,Fiber optic,1,2,0,0,0
C100268,44,61.58,Month-to-month,DSL,5,2,1,1,1
C100269,42,112.22,Two year,Fiber optic,1,1,0,0,0
C100270,21,70.32,Month-to-month,Fiber optic,2,1,1,1,0
C100271,1,42.27,Month-to-month,Fiber optic,0,2,1,1,0
C100272,10,72.44,Two year,Fiber optic,2,0,1,0,1
C100273,69,48.49,Month-to-month,None,0,0,0,0,0
C100274,30,46.18,Month-to-month,Fiber optic,3,2,1,1,1
C100275,34,71.35,Month-to-month,Fiber optic,0,2,1,1,0
C100276,33,55.56,Month-to-month,Fiber optic,0,0,1,1,0
C100277,56,60.01,Month-to-month,DSL,2,1,0,0,1
C100278,4,55.25,One year,None,1,0,0,1,0
C100279,5,61.06,Month-to-month,DSL,1,2,1,1,1
C100280,19,62.65,One year,DSL,2,2,1,1,0
C100281,35,20.13,Two year,None,2,0,0,0,0
C100282,48,67.0,One year,Fiber optic,0,2,1,1,1
C100283,35,37.32,One year,DSL,1,1,0,0,0
C100284,31,29.04,One year,DSL,2,2,1,1,0
C100285,67,53.95,Two year,DSL,2,0,0,0,0
C100286,11,56.51,Month-to-month,Fiber optic,1,0,1,1,0
C100287,41,42.52,Month-to-month,DSL,2,3,1,0,1
C100288,39,69.96,Month-to-month,None,1,1,0,1,0
C100289,34,30.84,Month-to-month,None,2,0,0,0,0
C100290,58,47.68,Month-to-month,Fiber optic,1,0,1,0,1
C100291,19,44.47,One year,Fiber optic,0,1,1,1,0
C100292,68,54.16,Month-to-month,DSL,0,2,1,1,0
C100293,23,60.02,Two year,DSL,0,0,1,0,0
C100294,39,36.86,Month-to-month,Fiber optic,2,2,1,1,0
C100295,37,68.04,Month-to-month,DSL,1,2,1,0,0
C100296,61,56.13,Month-to-month,DSL,1,1,0,1,1
C100297,31,20.94,Month-to-month,DSL,1,0,0,1,0
C100298,20,19.75,Month-to-month,DSL,1,1,1,1,0
C100299,1,54.78,Month-to-month,Fiber optic,2,0,0,1,1
C100300,26,51.02,Month-to-month,Fiber optic,0,0,1,0,0
C100301,59,53.14,Month-to-month,Fiber optic,2,0,1,0,0
C100302,0,54.5,Month-to-month,Fiber optic,0,0,1,1,0
C100303,64,59.06,Month-to-month,Fiber optic,0,1,1,0,0
C100304,39,72.06,Month-to-month,Fiber optic,2,0,1,0,0
C100305,10,35.0,Month-to-month,Fiber optic,2,2,1,1,1
C100306,21,33.9,Month-to-month,Fiber optic,0,0,0,0,1
C100307,39,35.32,Month-to-month,DSL,0,0,0,0,0
C100308,22,60.2,Month-to-month,None,1,0,0,1,0
C100309,7,77.41,One year,DSL,1,0,0,0,1
C100310,47,47.24,Two year,DSL,2,2,1,0,1
C100311,48,10.0,Two year,DSL,1,1,0,0,0
C100312,8,24.33,Month-to-month,DSL,1,0,0,0,1
C100313,20,40.01,Month-to-month,DSL,1,0,1,1,1
C100314,17,44.96,Month-to-month,Fiber optic,2,0,1,1,0
C100315,47,47.65,One year,None,2,1,1,1,0
C100316,52,55.69,One year,DSL,1,1,1,0,0
C100317,52,49.39,One year,Fiber optic,1,2,1,0,0
C100318,67,73.89,Two year,DSL,0,0,0,0,0
C100319,55,42.83,Month-to-month,Fiber optic,1,1,1,1,0
C100320,23,39.48,One year,DSL,2,0,0,1,0
C100321,7,63.62,One year,DSL,3,1,1,0,0
C100322,44,27.36,Month-to-month,Fiber optic,0,0,1,1,0
C100323,65,62.01,Two year,Fiber optic,0,1,1,1,0
C100324,70,56.85,Month-to-month,Fiber optic,4,0,1,0,1
C100325,16,52.35,Two year,Fiber optic,1,0,1,1,0
C100326,17,83.59,One year,Fiber optic,0,0,1,1,0
C100327,2,43.8,Month-to-month,DSL,1,0,1,0,0
C100328,10,92.09,One year,DSL,2,0,1,0,0
C100329,39,50.94,Month-to-month,DSL,3,2,1,1,0
C100330,39,32.01,One year,DSL,1,0,0,1,0
C100331,26,56.26,One year,DSL,0,1,1,1,0
C100332,22,35.63,One year,Fiber optic,2,0,0,1,0
C100333,59,41.47,Two year,DSL,0,1,1,1,0
C100334,33,62.15,Month-to-month,Fiber optic,2,3,0,0,1
C100335,58,65.0,Month-to-month,Fiber optic,3,0,1,0,0
C100336,69,43.8,Month-to-month,Fiber optic,1,0,0,0,0
C100337,22,72.77,Month-to-month,Fiber optic,1,3,0,1,0
C100338,14,75.84,Month-to-month,DSL,1,1,1,1,0
C100339,68,80.85,Month-to-month,DSL,1,1,0,1,1
C100340,45,64.53,Month-to-month,Fiber optic,3,0,1,0,0
C100341,20,79.54,Month-to-month,Fiber optic,3,0,1,0,1
C100342,44,21.15,Two year,DSL,0,1,1,1,1
C100343,37,49.28,Month-to-month,DSL,1,0,0,0,0
C100344,65,39.39,Two year,Fiber optic,1,0,1,0,0
C100345,18,57.15,Month-to-month,Fiber optic,0,0,1,1,1
C100346,71,44.71,Month-to-month,DSL,1,1,1,1,0
C100347,67,52.01,Month-to-month,Fiber optic,1,0,0,1,0
C100348,13,88.88,Month-to-month,None,0,1,1,0,1
C100349,11,51.95,Month-to-month,DSL,0,0,1,0,0
C100350,38,62.45,Month-to-month,None,1,0,1,0,0
C100351,3,50.82,Month-to-month,DSL,0,0,0,0,0
C100352,21,56.36,Month-to-month,Fiber optic,0,0,0,0,1
C100353,31,55.11,Month-to-month,Fiber optic,1,0,0,0,1
C100354,69,63.07,Month-to-month,DSL,0,0,1,1,0
C100355,71,75.98,One year,None,2,3,1,0,0
C100356,10,84.65,Month-to-month,Fiber optic,1,0,1,0,1
C100357,64,60.57,Two year,None,1,2,1,0,0
C100358,6,65.61,One year,DSL,1,0,0,1,0
C100359,53,34.28,Two year,None,3,0,1,0,0
C100360,60,53.42,One year,None,1,1,0,0,0
C100361,64,71.93,Month-to-month,Fiber optic,1,0,0,0,0
C100362,16,70.59,Month-to-month,DSL,1,2,1,0,1
C100363,64,58.81,Month-to-month,Fiber optic,1,0,0,1,1
C100364,8,70.96,One year,Fiber optic,0,2,1,0,0
C100365,37,63.83,Month-to-month,None,2,1,1,0,0
C100366,33,76.61,Month-to-month,Fiber optic,1,1,1,1,1
C100367,22,60.21,Two year,DSL,0,1,1,0,0
C100368,1,48.6,Month-to-month,DSL,1,0,1,1,0
C100369,55,61.05,Month-to-month,Fiber optic,1,0,0,0,1
C100370,24,10.0,One year,None,2,0,1,1,0
C100371,47,61.89,Month-to-month,DSL,0,0,1,0,0
C100372,29,10.0,Month-to-month,Fiber optic,2,0,1,0,1
C100373,26,23.98,One year,None,1,1,0,0,0
C100374,63,63.13,Month-to-month,DSL,0,1,0,1,0
C100375,6,63.6,Month-to-month,DSL,1,2,1,0,0
C100376,53,34.08,Month-to-month,Fiber optic,1,1,1,1,1
C100377,53,42.18,One year,Fiber optic,0,0,1,1,0
C100378,27,79.67,Month-to-month,DSL,1,0,1,0,1
C100379,18,46.29,Two year,Fiber optic,1,0,0,0,1
C100380,0,95.37,Two year,Fiber optic,4,0,1,0,0
C100381,67,54.97,Month-to-month,None,1,0,0,1,0
C100382,68,62.34,Month-to-month,None,1,0,0,1,0
C100383,17,84.1,Month-to-month,Fiber optic,0,3,1,0,1
C100384,2,57.36,One year,Fiber optic,0,0,1,0,0
C100385,8,36.96,Month-to-month,DSL,1,0,1,1,0
C100386,4,53.02,Month-to-month,Fiber optic,2,1,1,0,1
C100387,59,54.36,Month-to-month,DSL,1,0,1,0,0
C100388,64,30.43,Two year,Fiber optic,2,0,1,0,1
C100389,11,50.4,Month-to-month,DSL,0,0,0,0,0
C100390,53,41.64,Two year,Fiber optic,1,0,0,1,0
C100391,12,71.64,Month-to-month,DSL,0,0,1,1,0
C100392,26,55.62,Two year,DSL,1,0,1,0,0
C100393,43,49.91,Month-to-month,DSL,1,2,1,0,0
C100394,51,53.09,Month-to-month,Fiber optic,1,2,0,1,1
C100395,62,59.02,Two year,Fiber optic,1,1,1,0,0
C100396,3,66.1,Two year,DSL,0,1,1,0,0
C100397,14,37.01,Month-to-month,None,1,2,1,0,1
C100398,20,36.25,Month-to-month,None,2,0,1,1,1
C100399,22,74.88,Month-to-month,DSL,0,0,1,1,1
C100400,71,47.58,Month-to-month,Fiber optic,0,1,0,1,0
C100401,55,29.5,Month-to-month,Fiber optic,0,0,1,0,0
C100402,23,62.99,Two year,DSL,1,1,1,1,0
C100403,69,63.34,Month-to-month,Fiber optic,2,0,0,0,1
C100404,35,27.45,One year,DSL,1,0,1,1,0
C100405,36,59.13,Month-to-month,None,1,1,1,0,1
C100406,31,68.24,Month-to-month,None,1,0,1,0,1
C100407,10,61.74,One year,Fiber optic,2,0,1,0,0
C100408,67,66.38,Month-to-month,Fiber optic,1,1,1,0,1
C100409,1,29.72,One year,Fiber optic,1,2,0,0,0
C100410,12,60.96,Month-to-month,None,0,0,1,1,0
C100411,16,49.55,Two year,DSL,1,1,1,1,0
C100412,20,46.31,One year,DSL,0,0,1,1,0
C100413,9,70.67,Two year,Fiber optic,3,0,1,0,0
C100414,1,81.63,Month-to-month,DSL,1,0,0,0,1
C100415,48,87.3,Month-to-month,DSL,2,3,1,0,1
C100416,69,78.67,Month-to-month,DSL,2,2,0,0,1
C100417,8,53.02,Month-to-month,Fiber optic,4,1,0,0,1
C100418,21,61.35,Month-to-month,DSL,0,0,1,1,0
C100419,36,68.8,Month-to-month,DSL,0,1,1,1,0
C100420,66,57.18,Month-to-month,DSL,2,0,1,0,0
C100421,49,57.35,Month-to-month,DSL,0,0,1,1,1
C100422,55,69.83,Month-to-month,None,0,1,0,1,1
C100423,41,53.93,Month-to-month,DSL,2,3,1,0,0
C100424,30,41.87,Month-to-month,Fiber optic,3,1,0,1,1
C100425,14,47.54,One year,Fiber optic,3,0,1,0,0
C100426,62,66.41,Month-to-month,DSL,2,2,1,0,0
C100427,57,55.05,Month-to-month,Fiber optic,1,2,1,1,1
C100428,1,61.12,Month-to-month,Fiber optic,1,0,0,1,1
C100429,51,67.06,One year,Fiber optic,1,0,1,0,0
C100430,6,48.25,Month-to-month,DSL,2,0,1,0,1
C100431,53,68.61,Month-to-month,DSL,0,0,1,1,0
C100432,59,61.82,Two year,None,0,0,0,0,0
C100433,9,32.77,Month-to-month,Fiber optic,2,0,0,1,0
C100434,31,80.96,Two year,None,0,0,1,1,0
C100435,8,45.99,One year,None,0,2,0,0,0
C100436,40,25.21,Month-to-month,DSL,0,0,1,1,0
C100437,66,36.19,Month-to-month,Fiber optic,2,0,1,1,1
C100438,5,36.62,One year,Fiber optic,1,0,0,1,1
C100439,28,55.94,Two year,Fiber optic,1,0,1,0,0
C100440,70,50.07,Month-to-month,DSL,3,0,1,0,1
C100441,21,48.94,Month-to-month,DSL,1,0,0,0,0
C100442,9,66.15,Month-to-month,Fiber optic,1,1,1,1,0
C100443,35,61.12,Month-to-month,Fiber optic,0,1,0,1,0
C100444,36,60.69,One year,Fiber optic,0,0,1,1,0
C100445,47,62.38,Month-to-month,DSL,1,1,1,1,0
C100446,22,66.09,One year,DSL,1,2,1,0,0
C100447,68,17.06,Two year,None,2,0,0,0,0
C100448,37,48.44,One year,Fiber optic,1,1,1,1,0
C100449,20,15.76,One year,Fiber optic,1,0,0,0,0
C100450,69,55.65,One year,Fiber optic,1,0,1,1,0
C100451,66,54.92,One year,Fiber optic,1,2,0,0,0
C100452,35,73.82,Two year,Fiber optic,2,0,1,0,0
C100453,1,76.38,Month-to-month,Fiber optic,0,2,0,1,1
C100454,42,58.65,Month-to-month,Fiber optic,0,0,1,0,1
C100455,39,45.99,Month-to-month,None,0,3,1,0,0
C100456,10,63.73,Two year,None,0,0,0,1,0
C100457,45,45.5,One year,Fiber optic,1,0,1,1,0
C100458,60,54.97,Month-to-month,Fiber optic,1,0,0,1,1
C100459,7,72.75,Month-to-month,Fiber optic,0,1,1,1,0
C100460,52,44.96,Month-to-month,Fiber optic,1,3,0,1,1
C100461,10,69.5,One year,Fiber optic,1,1,0,0,0
C100462,53,67.19,Month-to-month,Fiber optic,2,0,1,0,0
C100463,30,37.81,Month-to-month,Fiber optic,2,0,1,1,0
C100464,0,72.53,Two year,Fiber optic,3,2,1,0,0
C100465,69,67.57,One year,Fiber optic,1,0,1,1,0
C100466,11,56.83,Month-to-month,DSL,1,0,0,1,1
C100467,42,41.28,Month-to-month,Fiber optic,0,0,0,0,1
C100468,13,39.53,Two year,Fiber optic,0,1,1,0,0
C100469,67,45.32,One year,DSL,1,1,1,1,0
C100470,53,64.77,One year,None,0,0,0,0,0
C100471,57,37.8,Month-to-month,Fiber optic,0,0,1,0,1
C100472,31,62.88,Month-to-month,DSL,1,2,1,1,0
C100473,33,32.65,Month-to-month,Fiber optic,0,0,1,0,1
C100474,45,51.33,One year,Fiber optic,1,3,1,0,1
C100475,56,56.97,Month-to-month,Fiber optic,3,1,1,1,1
C100476,60,99.01,Month-to-month,DSL,1,1,1,1,1
C100477,1,30.21,One year,None,0,3,1,0,0
C100478,47,81.5,Two year,Fiber optic,0,3,0,1,1
C100479,7,57.7,One year,Fiber optic,0,0,0,1,0
C100480,20,62.4,Month-to-month,DSL,1,0,0,0,0
C100481,59,57.13,Month-to-month,Fiber optic,0,3,1,0,0
C100482,18,63.01,Month-to-month,Fiber optic,1,0,0,1,0
C100483,57,52.23,Month-to-month,Fiber optic,0,0,1,0,0
C100484,33,81.17,Month-to-month,Fiber optic,0,1,1,1,1
C100485,16,46.78,Month-to-month,Fiber optic,0,2,1,1,0
C100486,24,75.38,Month-to-month,Fiber optic,0,0,1,0,0
C100487,38,43.4,Two year,DSL,2,1,1,1,0
C100488,55,53.92,Two year,None,1,0,0,0,0
C100489,43,35.7,Month-to-month,Fiber optic,1,0,1,1,1
C100490,67,63.19,Month-to-month,None,0,0,1,0,0
C100491,62,81.01,Month-to-month,None,1,2,0,1,1
C100492,54,53.61,Month-to-month,None,0,1,1,0,0
C100493,43,51.46,Month-to-month,Fiber optic,0,2,1,1,1
C100494,20,34.94,Month-to-month,Fiber optic,1,0,0,1,1
C100495,29,50.87,One year,DSL,1,0,1,0,1
C100496,8,26.33,Month-to-month,Fiber optic,1,1,1,0,1
C100497,26,38.57,Two year,Fiber optic,0,1,1,1,0
C100498,66,59.08,Month-to-month,Fiber optic,2,0,0,1,0
C100499,30,78.74,Month-to-month,None,0,1,0,0,0
C100500,8,105.57,Month-to-month,DSL,4,1,1,0,1
C100501,46,44.44,Month-to-month,DSL,1,0,1,1,0
C100502,69,80.84,Month-to-month,Fiber optic,2,0,1,0,1
C100503,62,59.39,Two year,Fiber optic,2,0,1,1,1
C100504,19,52.28,Month-to-month,DSL,1,0,0,0,0
C100505,32,62.79,Month-to-month,DSL,5,2,1,0,0
C100506,38,56.11,Month-to-month,Fiber optic,1,1,1,1,1
C100507,17,56.99,Month-to-month,Fiber optic,2,0,1,0,1
C100508,19,47.65,Month-to-month,DSL,2,2,1,1,0
C100509,17,29.83,Month-to-month,DSL,2,0,1,1,0
C100510,71,27.21,One year,Fiber optic,0,1,0,0,0
C100511,53,66.76,Month-to-month,DSL,2,3,1,0,1
C100512,60,50.02,Month-to-month,Fiber optic,1,0,1,0,1
C100513,58,44.27,One year,Fiber optic,2,1,1,1,0
C100514,69,55.15,Two year,DSL,3,1,0,1,0
C100515,7,69.31,Month-to-month,Fiber optic,0,1,1,1,0
C100516,63,58.25,Month-to-month,DSL,0,1,0,0,0
C100517,4,43.19,Month-to-month,DSL,2,0,0,0,0
C100518,34,77.07,Month-to-month,None,1,1,0,0,1
C100519,42,83.43,Month-to-month,Fiber optic,2,5,1,1,1
C100520,25,63.9,One year,None,0,1,1,0,0
C100521,10,72.53,Month-to-month,DSL,0,1,1,0,1
C100522,13,77.36,One year,DSL,1,1,1,0,0
C100523,59,75.34,Month-to-month,Fiber optic,1,0,1,0,1
C100524,22,66.05,Two year,Fiber optic,1,0,1,1,0
C100525,22,65.77,One year,None,0,0,1,1,0
C100526,66,64.35,Month-to-month,DSL,2,0,1,1,0
C100527,10,35.25,Month-to-month,None,0,0,0,0,1
C100528,65,67.61,Month-to-month,None,2,0,0,1,0
C100529,66,30.6,Two year,Fiber optic,0,1,1,0,0
C100530,43,40.7,Month-to-month,DSL,0,1,1,1,0
C100531,11,78.46,Month-to-month,Fiber optic,2,1,1,1,1
C100532,11,70.12,Month-to-month,DSL,1,1,0,0,0
C100533,20,81.77,One year,Fiber optic,1,1,1,1,0
C100534,41,50.11,Month-to-month,Fiber optic,0,1,1,0,1
C100535,11,34.26,Month-to-month,None,1,0,1,0,0
C100536,32,50.67,Two year,Fiber optic,3,0,1,0,0
C100537,8,56.84,Month-to-month,Fiber optic,1,1,1,0,1
C100538,38,56.42,One year,Fiber optic,2,1,1,1,0
C100539,1,75.41,Month-to-month,Fiber optic,0,0,1,1,1
C100540,51,48.5,Month-to-month,None,3,0,1,1,0
C100541,3,61.34,Two year,DSL,3,0,1,1,0
C100542,14,37.2,One year,None,3,1,1,1,0
C100543,12,63.11,One year,Fiber optic,1,1,1,0,1
C100544,59,55.06,Month-to-month,None,1,0,1,0,0
C100545,3,41.5,Month-to-month,Fiber optic,0,1,1,0,0
C100546,30,50.76,Month-to-month,Fiber optic,4,0,0,1,0
C100547,42,51.68,Month-to-month,DSL,1,1,1,1,0
C100548,37,50.14,Month-to-month,Fiber optic,0,0,1,1,1
C100549,49,86.88,Month-to-month,DSL,1,0,0,0,1
C100550,57,53.23,Month-to-month,DSL,2,1,1,0,0
C100551,28,50.61,Month-to-month,Fiber optic,0,1,0,1,1
C100552,59,17.25,Month-to-month,DSL,1,0,1,0,1
C100553,22,38.9,Month-to-month,DSL,1,0,1,1,0
C100554,70,50.26,Two year,Fiber optic,2,1,1,0,0
C100555,36,42.65,One year,DSL,0,1,1,0,0
C100556,52,79.87,Month-to-month,Fiber optic,1,0,1,1,0
C100557,63,52.03,One year,DSL,0,0,1,1,0
C100558,57,78.19,One year,Fiber optic,2,1,1,1,0
C100559,61,56.11,Month-to-month,Fiber optic,2,3,0,0,0
C100560,38,55.67,Month-to-month,Fiber optic,1,1,0,0,1
C100561,3,53.4,Month-to-month,Fiber optic,1,0,1,1,1
C100562,35,55.07,Month-to-month,None,1,2,0,1,1
C100563,13,85.94,One year,Fiber optic,1,2,1,0,1
C100564,64,13.25,Two year,DSL,1,1,1,1,0
C100565,17,18.97,Month-to-month,Fiber optic,2,0,0,0,1
C100566,16,45.22,One year,Fiber optic,0,0,1,0,0
C100567,17,55.26,Month-to-month,DSL,0,1,1,1,0
C100568,46,67.42,Month-to-month,Fiber optic,1,1,1,1,0
C100569,41,63.52,One year,DSL,1,0,1,0,0
C100570,68,48.08,Month-to-month,Fiber optic,0,1,0,0,0
C100571,29,73.34,Month-to-month,DSL,2,1,1,1,0
C100572,20,73.54,Month-to-month,DSL,1,2,1,1,0
C100573,3,58.31,Two year,None,1,0,1,1,0
C100574,0,72.33,Month-to-month,None,2,0,1,0,1
C100575,26,59.91,Month-to-month,None,5,2,0,1,1
C100576,66,44.89,Month-to-month,None,1,0,1,1,1
C100577,37,67.56,Month-to-month,Fiber optic,1,1,1,0,0
C100578,64,56.99,Month-to-month,DSL,1,2,0,0,0
C100579,7,55.02,One year,DSL,1,1,1,1,1
C100580,6,81.51,One year,Fiber optic,1,0,1,1,1
C100581,60,10.88,Two year,DSL,0,3,1,1,0
C100582,7,29.48,One year,None,4,0,0,1,0
C100583,3,33.63,Month-to-month,DSL,1,1,1,1,0
C100584,29,48.46,Month-to-month,DSL,1,0,0,0,0
C100585,66,50.42,Month-to-month,DSL,0,0,1,0,1
C100586,49,27.87,Month-to-month,DSL,2,1,1,1,0
C100587,7,37.27,Two year,DSL,2,0,0,0,0
C100588,60,39.5,One year,Fiber optic,1,1,0,0,0
C100589,60,99.23,Two year,DSL,0,0,1,1,0
C100590,57,87.43,Month-to-month,Fiber optic,1,0,0,0,1
C100591,64,47.59,Month-to-month,None,0,1,1,1,0
C100592,17,48.46,Month-to-month,Fiber optic,1,0,1,0,1
C100593,70,34.31,Month-to-month,Fiber optic,2,0,1,0,0
C100594,23,20.65,Month-to-month,DSL,1,2,0,0,0
C100595,57,52.9,Month-to-month,DSL,1,1,0,1,0
C100596,41,37.04,Month-to-month,DSL,1,0,0,1,0
C100597,56,53.47,Two year,None,1,1,1,0,0
C100598,45,26.2,Month-to-month,Fiber optic,0,0,1,0,0
C100599,46,41.28,Month-to-month,DSL,1,1,1,0,1
C100600,44,57.68,One year,Fiber optic,1,1,0,1,1
C100601,56,61.59,Month-to-month,Fiber optic,0,1,0,1,1
C100602,53,62.51,Two year,Fiber optic,1,1,0,1,0
C100603,9,31.23,One year,Fiber optic,3,0,1,0,0
C100604,59,70.38,Month-to-month,None,2,0,0,1,0
C100605,38,40.6,One year,Fiber optic,1,1,0,0,0
C100606,23,66.39,One year,Fiber optic,1,1,1,0,1
C100607,37,54.81,One year,DSL,0,1,1,0,0
C100608,69,30.23,One year,DSL,1,2,0,0,0
C100609,61,49.31,One year,None,0,1,1,0,0
C100610,60,61.58,Month-to-month,Fiber optic,0,0,0,1,0
C100611,33,66.03,Month-to-month,Fiber optic,0,0,0,0,1
C100612,56,52.46,One year,Fiber optic,1,2,0,1,0
C100613,27,82.57,Two year,DSL,2,1,1,1,0
C100614,49,73.14,Month-to-month,Fiber optic,0,0,1,1,0
C100615,46,50.38,One year,DSL,2,1,1,0,0
C100616,17,68.5,Month-to-month,Fiber optic,0,0,1,1,0
C100617,19,89.81,One year,Fiber optic,1,1,0,0,0
C100618,4,90.29,Two year,DSL,1,0,1,0,0
C100619,10,32.9,Month-to-month,DSL,1,1,1,0,1
C100620,31,38.32,Month-to-month,Fiber optic,0,1,1,1,1
C100621,34,81.73,Month-to-month,DSL,0,0,1,1,0
C100622,11,35.95,Month-to-month,DSL,1,0,1,1,1
C100623,30,31.19,Month-to-month,Fiber optic,0,1,1,1,0
C100624,43,46.25,Month-to-month,DSL,1,0,0,0,0
C100625,16,62.56,Month-to-month,DSL,0,2,1,1,1
C100626,24,53.16,Month-to-month,DSL,1,0,1,1,0
C100627,26,43.29,Month-to-month,None,0,0,1,0,1
C100628,36,42.86,One year,DSL,2,1,1,1,0
C100629,26,42.18,One year,DSL,2,0,1,1,0
C100630,53,39.17,One year,DSL,2,0,1,0,0
C100631,23,96.07,One year,DSL,1,0,1,0,0
C100632,31,60.36,One year,DSL,0,1,1,0,0
C100633,27,70.96,Month-to-month,DSL,3,0,0,1,0
C100634,13,46.2,One year,DSL,1,0,0,0,0
C100635,49,51.65,Month-to-month,Fiber optic,3,0,0,0,0
C100636,16,42.16,Month-to-month,None,0,0,0,1,0
C100637,21,10.0,Month-to-month,DSL,0,1,1,1,0
C100638,57,30.2,Two year,DSL,1,2,0,1,1
C100639,68,22.41,One year,None,2,1,1,1,0
C100640,48,14.5,Month-to-month,None,1,0,1,0,0
C100641,65,33.48,Month-to-month,Fiber optic,0,0,1,0,0
C100642,61,78.85,Month-to-month,DSL,2,1,0,1,0
C100643,34,54.2,One year,Fiber optic,0,0,1,0,0
C100644,55,78.23,One year,DSL,1,0,1,1,0
C100645,23,62.4,Month-to-month,DSL,1,0,1,1,0
C100646,33,69.09,Month-to-month,DSL,0,1,0,1,1
C100647,38,38.78,Month-to-month,Fiber optic,1,1,1,1,0
C100648,69,64.43,Month-to-month,DSL,0,0,0,1,0
C100649,61,68.12,Two year,Fiber optic,2,0,1,1,1
C100650,35,44.62,One year,DSL,0,0,1,0,0
C100651,46,65.07,Month-to-month,DSL,4,1,0,0,1
C100652,14,65.19,Month-to-month,Fiber optic,1,0,1,0,1
C100653,57,45.11,Month-to-month,None,3,1,0,1,1
C100654,39,34.79,Month-to-month,DSL,0,0,1,0,1
C100655,38,33.69,Month-to-month,Fiber optic,1,2,1,0,0
C100656,55,56.56,Month-to-month,DSL,2,1,1,1,0
C100657,45,60.89,Two year,DSL,0,2,0,0,1
C100658,5,40.73,Month-to-month,Fiber optic,3,0,0,1,0
C100659,20,55.48,Month-to-month,DSL,1,1,1,0,1
C100660,12,65.27,Month-to-month,Fiber optic,1,0,1,0,0
C100661,52,66.13,Month-to-month,Fiber optic,3,4,0,0,0
C100662,2,82.93,One year,DSL,0,1,1,0,1
C100663,14,77.99,Month-to-month,DSL,1,1,0,1,0
C100664,43,36.98,One year,DSL,1,1,1,1,0
C100665,50,85.3,One year,None,1,1,1,1,0
C100666,36,45.44,Month-to-month,Fiber optic,2,0,0,1,1
C100667,61,73.81,One year,DSL,2,0,1,1,0
C100668,66,56.22,Two year,DSL,0,0,0,1,0
C100669,9,47.58,Month-to-month,Fiber optic,1,1,1,0,0
C100670,68,22.46,Month-to-month,DSL,2,1,1,0,0
C100671,44,51.91,Two year,Fiber optic,3,0,1,1,0
C100672,45,26.93,Two year,Fiber optic,1,1,1,1,0
C100673,6,72.41,Month-to-month,Fiber optic,0,0,1,0,1
C100674,44,82.3,Month-to-month,DSL,1,0,1,0,1
C100675,52,40.66,Month-to-month,DSL,0,0,1,0,1
C100676,41,60.44,One year,DSL,1,1,0,0,1
C100677,6,41.94,Month-to-month,Fiber optic,1,0,1,1,0
C100678,37,43.69,Month-to-month,None,1,1,0,0,1
C100679,67,68.94,One year,DSL,2,1,1,1,0
C100680,52,54.31,Two year,Fiber optic,1,1,1,1,0
C100681,9,86.31,One year,Fiber optic,1,0,1,0,0
C100682,69,46.32,Month-to-month,DSL,1,2,1,1,0
C100683,69,72.99,Month-to-month,DSL,2,1,1,1,0
C100684,12,56.75,Two year,DSL,1,2,0,0,0
C100685,57,69.32,Two year,Fiber optic,0,0,1,0,0
C100686,29,46.95,Month-to-month,Fiber optic,2,0,1,1,0
C100687,42,54.11,One year,Fiber optic,2,1,1,0,0
C100688,32,52.92,Month-to-month,None,1,0,0,0,0
C100689,56,39.95,Month-to-month,Fiber optic,0,1,1,0,1
C100690,71,66.92,Month-to-month,None,1,0,0,0,0
C100691,57,66.7,Month-to-month,Fiber optic,3,1,1,1,0
C100692,67,65.68,Month-to-month,None,2,1,0,0,1
C100693,68,82.67,One year,Fiber optic,2,0,0,1,1
C100694,6,81.09,Month-to-month,Fiber optic,2,1,0,0,1
C100695,18,48.25,Month-to-month,Fiber optic,2,1,1,1,1
C100696,51,61.71,Month-to-month,None,1,5,1,0,1
C100697,42,43.78,Month-to-month,Fiber optic,0,0,1,1,1
C100698,3,55.42,Month-to-month,Fiber optic,0,4,1,1,1
C100699,6,44.2,Month-to-month,Fiber optic,0,4,1,0,1
C100700,37,84.16,Month-to-month,None,3,1,0,1,0
C100701,44,61.55,One year,Fiber optic,3,1,0,0,1
C100702,12,51.08,Two year,Fiber optic,0,0,1,1,0
C100703,12,76.49,Month-to-month,Fiber optic,2,0,1,1,0
C100704,9,15.93,Two year,None,1,0,1,0,0
C100705,40,18.75,Two year,DSL,0,0,0,0,0
C100706,0,69.33,One year,Fiber optic,2,2,1,0,0
C100707,41,56.09,One year,Fiber optic,2,0,0,1,0
C100708,34,59.51,One year,None,2,0,1,1,0
C100709,33,31.12,One year,None,2,2,0,0,1
C100710,48,54.58,One year,Fiber optic,0,2,1,0,0
C100711,37,91.06,Month-to-month,Fiber optic,2,2,1,0,0
C100712,52,69.84,Two year,DSL,0,0,1,1,0
C100713,55,58.05,Month-to-month,None,1,0,0,0,0
C100714,66,47.1,One year,DSL,0,0,1,0,0
C100715,57,47.9,Month-to-month,Fiber optic,4,2,0,1,1
C100716,37,16.67,Month-to-month,Fiber optic,1,1,1,0,1
C100717,35,59.64,Month-to-month,Fiber optic,0,0,0,1,0
C100718,16,70.22,Month-to-month,DSL,3,1,0,0,0
C100719,43,26.64,Month-to-month,DSL,4,0,1,0,0
C100720,10,43.09,Month-to-month,None,4,0,0,1,0
C100721,67,34.17,Month-to-month,Fiber optic,0,0,0,0,0
C100722,60,37.62,Month-to-month,DSL,0,2,1,0,0
C100723,8,55.96,Month-to-month,Fiber optic,3,1,1,1,1
C100724,56,17.48,Two year,DSL,1,1,1,1,0
C100725,8,66.06,Month-to-month,None,1,0,0,1,0
C100726,51,68.57,Month-to-month,DSL,1,1,1,0,0
C100727,6,50.48,Month-to-month,DSL,1,0,1,0,1
C100728,35,10.35,Month-to-month,DSL,0,0,0,0,0
C100729,47,37.06,Month-to-month,Fiber optic,0,1,1,1,1
C100730,52,77.19,One year,Fiber optic,3,0,0,1,0
C100731,30,10.0,Two year,Fiber optic,1,1,1,0,1
C100732,66,48.74,Month-to-month,Fiber optic,1,1,1,1,0
C100733,55,33.76,One year,DSL,3,2,1,0,0
C100734,14,69.48,Month-to-month,DSL,1,1,1,1,1
C100735,48,42.85,Month-to-month,DSL,0,2,0,0,0
C100736,52,62.27,Month-to-month,None,2,2,0,0,0
C100737,24,65.18,Month-to-month,DSL,0,0,1,1,1
C100738,53,88.05,One year,None,4,2,1,1,0
C100739,64,51.35,One year,DSL,4,0,1,0,0
C100740,58,61.77,One year,DSL,2,1,0,0,0
C100741,54,28.27,Month-to-month,DSL,0,1,1,1,0
C100742,45,76.43,One year,DSL,2,0,1,0,1
C100743,19,41.31,Month-to-month,Fiber optic,2,0,0,1,0
C100744,57,44.91,Month-to-month,Fiber optic,1,0,1,1,0
C100745,26,54.6,Month-to-month,DSL,2,1,1,0,0
C100746,38,26.87,One year,Fiber optic,3,1,1,0,1
C100747,22,59.12,Two year,Fiber optic,2,0,1,0,1
C100748,22,72.41,Month-to-month,None,2,1,1,1,0
C100749,11,60.27,Month-to-month,None,1,0,1,0,1
C100750,69,26.4,One year,Fiber optic,0,0,1,1,0
C100751,10,52.77,One year,Fiber optic,1,2,1,0,1
C100752,6,68.36,Month-to-month,Fiber optic,3,1,0,1,1
C100753,67,21.2,One year,Fiber optic,1,1,0,0,0
C100754,39,35.65,One year,Fiber optic,1,2,1,0,0
C100755,31,70.78,Two year,DSL,2,0,0,1,1
C100756,53,59.86,Month-to-month,Fiber optic,0,0,0,1,1
C100757,27,62.42,Two year,None,1,0,1,0,0
C100758,9,88.47,Month-to-month,DSL,1,0,1,0,1
C100759,52,63.43,One year,Fiber optic,2,0,0,1,0
C100760,12,66.84,Month-to-month,None,0,1,1,0,0
C100761,39,103.79,Month-to-month,DSL,1,1,1,0,1
C100762,68,51.15,Month-to-month,Fiber optic,0,1,1,0,0
C100763,67,40.64,Month-to-month,None,1,1,1,0,1
C100764,25,62.7,Month-to-month,None,2,0,1,1,0
C100765,56,62.9,Month-to-month,DSL,0,2,0,1,1
C100766,44,45.52,Month-to-month,DSL,3,0,1,0,0
C100767,34,36.42,Month-to-month,Fiber optic,0,0,1,1,0
C100768,10,96.58,One year,DSL,0,2,1,0,0
C100769,27,60.88,Two year,DSL,2,0,1,1,0
C100770,46,41.82,One year,DSL,1,0,1,0,0
C100771,71,71.49,Month-to-month,DSL,1,2,0,0,1
C100772,0,53.04,Month-to-month,Fiber optic,3,2,0,1,1
C100773,51,50.45,Two year,Fiber optic,2,0,1,0,0
C100774,60,65.12,Month-to-month,Fiber optic,0,1,0,0,1
C100775,68,31.75,Month-to-month,Fiber optic,1,1,1,0,0
C100776,30,61.35,Two year,Fiber optic,0,0,1,1,0
C100777,8,89.43,Two year,DSL,0,1,1,0,1
C100778,19,63.39,Month-to-month,DSL,0,0,0,1,0
C100779,61,48.23,One year,DSL,1,1,1,1,0
C100780,63,45.87,Month-to-month,DSL,0,0,0,1,0
C100781,45,47.61,One year,DSL,1,2,1,0,1
C100782,8,50.43,Month-to-month,DSL,1,1,0,1,0
C100783,8,48.2,Month-to-month,DSL,3,0,1,0,0
C100784,34,71.49,One year,Fiber optic,0,1,1,1,0
C100785,42,23.8,Month-to-month,Fiber optic,0,1,1,1,0
C100786,2,70.52,One year,None,1,0,1,0,0
C100787,49,48.17,Month-to-month,Fiber optic,2,0,0,1,0
C100788,39,61.79,Two year,Fiber optic,1,0,1,0,0
C100789,0,34.71,One year,DSL,1,0,1,0,0
C100790,6,78.92,Month-to-month,Fiber optic,2,1,1,0,1
C100791,32,77.42,One year,DSL,1,0,0,1,0
C100792,52,72.27,Month-to-month,Fiber optic,0,0,1,1,0
C100793,59,27.73,Month-to-month,DSL,3,1,1,1,1
C100794,31,69.92,Month-to-month,Fiber optic,1,1,1,0,0
C100795,21,62.29,Two year,DSL,0,2,1,1,0
C100796,69,26.11,One year,Fiber optic,1,2,0,1,1
C100797,33,54.56,Two year,Fiber optic,1,0,1,1,0
C100798,22,61.56,Two year,Fiber optic,0,0,1,0,0
C100799,31,65.01,Two year,Fiber optic,4,0,1,0,0
C100800,0,58.19,Month-to-month,Fiber optic,1,1,1,1,1
C100801,21,60.24,Two year,DSL,1,0,0,0,0
C100802,37,81.53,Month-to-month,Fiber optic,1,0,1,0,0
C100803,66,77.07,Month-to-month,Fiber optic,3,1,0,0,1
C100804,53,10.0,Month-to-month,DSL,1,1,1,0,0
C100805,56,49.29,Month-to-month,DSL,1,0,1,0,0
C100806,39,52.04,Month-to-month,None,0,2,1,0,1
C100807,7,23.46,Month-to-month,Fiber optic,1,1,1,1,0
C100808,28,56.7,Month-to-month,Fiber optic,1,2,1,1,1
C100809,71,77.48,Month-to-month,Fiber optic,3,1,0,0,1
C100810,3,35.44,Two year,Fiber optic,1,0,1,0,0
C100811,63,61.06,One year,Fiber optic,0,1,1,1,0
C100812,49,38.52,Month-to-month,DSL,0,0,1,0,0
C100813,20,42.91,Month-to-month,Fiber optic,1,0,1,1,0
C100814,56,81.59,Month-to-month,Fiber optic,1,1,0,1,1
C100815,60,45.23,Month-to-month,DSL,1,0,1,0,0
C100816,3,63.32,One year,Fiber optic,0,2,1,0,1
C100817,7,21.32,Month-to-month,DSL,1,1,1,0,0
C100818,47,88.52,One year,Fiber optic,1,2,1,1,0
C100819,71,65.85,One year,Fiber optic,1,1,1,0,1
C100820,1,51.72,Month-to-month,Fiber optic,0,0,0,1,1
C100821,47,65.36,Two year,Fiber optic,0,0,1,1,0
C100822,9,29.62,Month-to-month,None,1,0,0,1,0
C100823,46,76.29,Two year,Fiber optic,1,1,0,1,1
C100824,44,49.17,One year,Fiber optic,1,1,0,0,1
C100825,6,51.33,One year,Fiber optic,2,0,1,0,0
C100826,49,46.15,One year,DSL,0,0,1,1,0
C100827,64,44.55,One year,DSL,3,0,0,0,0
C100828,62,67.5,Two year,Fiber optic,1,2,0,0,0
C100829,2,59.61,Month-to-month,DSL,0,2,1,0,0
C100830,17,66.73,One year,DSL,2,0,0,0,0
C100831,17,54.84,One year,DSL,1,0,1,1,0
C100832,32,64.24,Month-to-month,Fiber optic,1,1,0,0,1
C100833,10,47.46,Two year,DSL,0,0,1,1,0
C100834,61,95.14,Month-to-month,Fiber optic,2,1,1,1,0
C100835,55,26.78,Month-to-month,Fiber optic,0,1,1,0,0
C100836,58,77.7,Month-to-month,Fiber optic,4,1,1,1,0
C100837,14,79.62,Month-to-month,DSL,4,0,0,0,1
C100838,1,39.66,One year,Fiber optic,0,1,0,0,0
C100839,65,95.13,Month-to-month,DSL,1,2,0,0,0
C100840,20,72.92,Month-to-month,Fiber optic,0,0,0,0,0
C100841,47,72.48,Month-to-month,DSL,2,3,1,0,1
C100842,65,55.5,Month-to-month,None,4,1,0,0,1
C100843,2,51.09,One year,DSL,1,1,0,0,0
C100844,0,51.23,Two year,Fiber optic,0,0,0,0,0
C100845,0,62.03,Month-to-month,DSL,0,2,1,1,1
C100846,11,80.22,Month-to-month,Fiber optic,5,1,1,0,1
C100847,3,58.26,Month-to-month,Fiber optic,3,0,1,1,0
C100848,59,38.59,One year,DSL,0,0,1,1,0
C100849,43,69.84,Month-to-month,DSL,1,0,1,1,0
C100850,70,71.58,Month-to-month,DSL,1,0,1,1,0
C100851,57,66.78,Month-to-month,DSL,0,0,1,1,0
C100852,69,68.42,Month-to-month,None,0,0,1,1,0
C100853,17,50.12,Month-to-month,Fiber optic,3,2,0,1,0
C100854,20,38.28,Month-to-month,DSL,0,0,1,1,0
C100855,61,39.37,One year,None,1,1,0,0,0
C100856,17,25.56,One year,DSL,0,1,0,1,0
C100857,4,59.27,Month-to-month,Fiber optic,3,0,1,1,0
C100858,48,53.5,One year,Fiber optic,1,0,0,0,0
C100859,57,47.08,Two year,None,0,4,1,0,0
C100860,69,10.0,Month-to-month,Fiber optic,1,0,1,1,1
C100861,66,32.55,Month-to-month,Fiber optic,2,1,1,1,0
C100862,8,75.18,Month-to-month,None,0,0,1,0,1
C100863,55,43.04,One year,DSL,0,0,1,0,1
C100864,60,61.49,Month-to-month,None,0,2,1,0,1
C100865,50,29.97,One year,Fiber optic,3,0,0,1,0
C100866,59,80.9,Month-to-month,None,1,0,0,1,0
C100867,60,52.41,Month-to-month,DSL,1,2,1,1,0
C100868,32,60.22,Two year,DSL,2,0,1,0,1
C100869,2,96.86,Month-to-month,Fiber optic,0,1,0,0,1
C100870,32,82.3,Two year,Fiber optic,0,1,1,1,0
C100871,14,49.48,Two year,Fiber optic,1,0,1,1,0
C100872,8,44.32,Two year,None,0,0,0,0,0
C100873,8,49.14,Month-to-month,Fiber optic,0,1,0,0,0
C100874,50,64.18,One year,DSL,2,0,1,0,0
C100875,36,53.11,Month-to-month,Fiber optic,1,2,0,1,0
C100876,38,47.89,Month-to-month,DSL,1,0,0,1,1
C100877,53,81.41,Two year,DSL,0,1,1,0,1
C100878,39,52.94,One year,DSL,1,1,1,1,0
C100879,45,96.39,Month-to-month,Fiber optic,0,0,1,1,0
C100880,6,56.63,Month-to-month,Fiber optic,2,0,1,1,1
C100881,61,87.14,One year,Fiber optic,1,1,1,0,1
C100882,32,61.43,One year,DSL,0,0,1,0,0
C100883,11,72.33,Month-to-month,Fiber optic,0,0,1,1,0
C100884,58,41.96,Two year,Fiber optic,3,1,1,1,0
C100885,52,39.63,Month-to-month,None,0,1,1,1,0
C100886,3,63.27,Month-to-month,Fiber optic,2,0,1,1,1
C100887,13,72.79,One year,Fiber optic,1,2,1,0,0
C100888,1,55.72,Two year,Fiber optic,3,0,0,0,0
C100889,19,31.84,Month-to-month,Fiber optic,1,0,1,0,0
C100890,7,30.52,Month-to-month,None,1,0,1,1,1
C100891,51,29.31,Month-to-month,DSL,0,2,0,0,1
C100892,37,23.18,Two year,DSL,1,0,0,1,0
C100893,70,56.97,Month-to-month,DSL,2,0,1,1,0
C100894,53,75.25,Month-to-month,Fiber optic,1,0,1,1,0
C100895,44,54.76,Two year,Fiber optic,1,1,1,1,1
C100896,36,14.31,Month-to-month,Fiber optic,0,2,1,1,1
C100897,3,51.57,Month-to-month,Fiber optic,1,1,0,0,1
C100898,5,52.07,Month-to-month,DSL,1,1,0,1,1
C100899,44,92.73,One year,None,1,0,1,0,0
C100900,0,28.77,Month-to-month,DSL,0,1,0,0,1
C100901,3,47.97,Month-to-month,None,1,1,1,1,0
C100902,15,85.71,Month-to-month,DSL,0,2,0,1,1
C100903,63,63.1,One year,Fiber optic,2,0,1,0,0
C100904,33,65.14,One year,Fiber optic,1,1,1,0,0
C100905,51,57.06,Month-to-month,Fiber optic,1,1,0,0,0
C100906,29,60.94,Month-to-month,DSL,0,0,1,1,1
C100907,12,69.0,Two year,None,1,1,1,1,0
C100908,26,40.43,Month-to-month,Fiber optic,0,1,0,0,1
C100909,6,70.81,Month-to-month,Fiber optic,0,0,1,1,0
C100910,55,30.29,Month-to-month,Fiber optic,2,0,1,1,1
C100911,13,60.91,Month-to-month,DSL,1,3,1,1,0
C100912,27,58.22,Month-to-month,Fiber optic,4,1,1,0,1
C100913,70,43.91,Month-to-month,DSL,0,1,1,1,1
C100914,42,54.59,Month-to-month,DSL,1,1,0,0,0
C100915,33,43.79,Month-to-month,Fiber optic,1,0,0,0,0
C100916,39,35.71,One year,Fiber optic,0,1,1,0,1
C100917,56,48.63,Month-to-month,DSL,3,0,1,0,0
C100918,18,35.13,Month-to-month,DSL,3,2,1,1,0
C100919,45,60.81,One year,DSL,1,1,0,0,0
C100920,62,34.3,Month-to-month,DSL,2,0,1,0,1
C100921,41,67.82,One year,Fiber optic,1,0,1,0,1
C100922,32,33.73,Month-to-month,DSL,2,1,0,0,1
C100923,10,44.81,One year,None,1,0,1,1,0
C100924,17,43.76,Month-to-month,DSL,1,1,1,0,0
C100925,68,78.85,Month-to-month,DSL,2,2,0,0,0
C100926,38,60.95,Month-to-month,None,0,0,1,1,0
C100927,21,51.19,Month-to-month,DSL,2,1,0,0,0
C100928,30,63.98,Month-to-month,Fiber optic,3,0,1,1,0
C100929,41,17.07,One year,None,0,0,0,1,0
C100930,38,54.22,One year,None,1,0,0,1,0
C100931,50,90.96,Month-to-month,Fiber optic,2,0,0,1,0
C100932,18,57.38,Two year,DSL,2,2,0,0,0
C100933,46,56.22,One year,Fiber optic,1,1,0,1,0
C100934,31,64.87,Two year,None,0,0,1,1,0
C100935,67,71.12,One year,None,0,0,0,0,0
C100936,11,19.05,One year,DSL,1,1,0,1,0
C100937,10,24.72,Month-to-month,DSL,0,1,0,0,0
C100938,33,58.79,One year,DSL,0,3,1,1,0
C100939,36,42.13,Two year,DSL,1,0,0,1,0
C100940,49,78.62,Month-to-month,Fiber optic,1,1,1,0,1
C100941,29,49.33,Month-to-month,DSL,1,2,1,1,1
C100942,65,20.18,Month-to-month,DSL,0,2,1,1,1
C100943,34,32.18,Two year,DSL,2,1,0,1,0
C100944,9,10.0,Month-to-month,Fiber optic,1,1,1,0,0
C100945,8,50.79,One year,DSL,0,0,1,1,0
C100946,70,51.61,One year,Fiber optic,1,3,0,1,0
C100947,9,47.36,Two year,DSL,1,0,1,0,0
C100948,68,74.42,Month-to-month,None,1,0,1,1,0
C100949,20,76.57,One year,DSL,1,3,0,1,1
C100950,6,51.93,Two year,Fiber optic,3,1,1,1,0
C100951,21,16.58,Month-to-month,DSL,1,0,1,1,0
C100952,44,66.11,One year,DSL,1,2,0,0,1
C100953,30,65.0,Month-to-month,DSL,3,0,1,1,0
C100954,56,60.57,One year,DSL,0,2,0,1,0
C100955,43,72.67,Month-to-month,DSL,1,1,0,0,0
C100956,28,34.03,Month-to-month,Fiber optic,0,2,0,0,1
C100957,45,91.16,Month-to-month,Fiber optic,3,1,1,0,0
C100958,69,37.73,Month-to-month,DSL,1,0,1,1,0
C100959,29,68.49,Month-to-month,Fiber optic,1,0,1,0,1
C100960,11,24.63,One year,Fiber optic,3,1,1,1,0
C100961,29,38.26,Month-to-month,DSL,1,0,1,1,0
C100962,60,82.29,Month-to-month,DSL,1,1,1,1,1
C100963,15,50.3,One year,DSL,0,2,1,0,0
C100964,68,70.12,One year,DSL,2,0,0,1,0
C100965,42,59.27,Month-to-month,Fiber optic,0,1,1,0,0
C100966,43,53.11,Two year,None,1,0,1,1,0
C100967,22,79.55,Month-to-month,None,0,3,1,0,0
C100968,66,50.74,One year,None,1,2,1,1,0
C100969,2,22.95,Month-to-month,Fiber optic,1,2,1,0,1
C100970,21,40.54,One year,DSL,0,0,0,0,1
C100971,30,64.92,Two year,DSL,1,1,1,1,0
C100972,34,62.12,One year,DSL,2,0,1,0,0
C100973,34,26.79,Month-to-month,DSL,1,0,1,1,1
C100974,10,41.96,One year,DSL,1,1,0,1,1
C100975,16,44.53,Month-to-month,Fiber optic,2,0,0,0,0
C100976,6,48.42,One year,DSL,2,0,1,0,0
C100977,41,30.23,One year,DSL,4,0,1,1,1
C100978,25,43.69,Two year,Fiber optic,3,1,1,1,1
C100979,40,41.89,Month-to-month,DSL,1,0,1,1,0
C100980,42,68.89,Month-to-month,None,1,1,0,0,0
C100981,50,69.56,Month-to-month,DSL,0,0,0,1,0
C100982,39,52.38,Month-to-month,Fiber optic,1,1,1,0,0
C100983,46,47.94,Month-to-month,DSL,2,3,0,1,1
C100984,42,57.52,Month-to-month,Fiber optic,1,2,1,1,1
C100985,46,40.3,One year,DSL,2,1,1,1,0
C100986,44,34.36,Month-to-month,DSL,2,2,1,0,1
C100987,22,38.08,Month-to-month,Fiber optic,2,0,1,0,0
C100988,17,43.57,Month-to-month,DSL,0,2,0,0,0
C100989,56,34.06,Two year,DSL,2,0,0,0,0
C100990,24,57.92,One year,None,1,1,1,0,0
C100991,39,68.13,Month-to-month,DSL,2,1,1,1,1
C100992,14,26.43,Month-to-month,Fiber optic,0,0,0,0,0
C100993,31,55.45,Month-to-month,Fiber optic,2,1,0,0,1
C100994,38,51.04,Month-to-month,DSL,2,2,0,1,1
C100995,45,61.15,Month-to-month,Fiber optic,1,1,1,0,1
C100996,37,54.77,Month-to-month,DSL,0,1,1,0,0
C100997,25,28.84,Two year,Fiber optic,4,2,1,1,0
C100998,69,32.28,Month-to-month,DSL,0,1,1,0,1
C100999,36,55.53,One year,DSL,3,1,0,0,0
C101000,58,73.52,Month-to-month,DSL,4,1,1,1,0
C101001,53,15.14,Two year,None,0,0,0,0,0
C101002,40,61.22,Two year,Fiber optic,1,2,1,0,0
C101003,63,76.41,One year,None,2,1,0,0,0
C101004,9,52.25,Month-to-month,Fiber optic,1,1,1,0,1
C101005,66,64.9,Month-to-month,Fiber optic,1,0,0,1,0
C101006,61,42.34,One year,Fiber optic,2,2,1,0,0
C101007,36,52.85,One year,None,0,0,0,0,0
C101008,52,25.82,Month-to-month,Fiber optic,3,1,1,0,1
C101009,37,12.8,Month-to-month,DSL,2,0,0,1,1
C101010,19,71.97,Month-to-month,Fiber optic,0,0,1,0,0
C101011,57,37.27,One year,Fiber optic,0,0,1,1,0
C101012,17,46.8,One year,DSL,1,0,0,0,0
C101013,22,30.04,One year,DSL,2,1,0,1,0
C101014,37,29.62,One year,DSL,2,1,1,0,0
C101015,60,51.87,Month-to-month,Fiber optic,1,1,1,0,1
C101016,27,41.87,Month-to-month,DSL,0,1,1,0,1
C101017,35,61.8,Month-to-month,Fiber optic,1,2,0,0,1
C101018,2,63.15,One year,Fiber optic,0,1,1,1,0
C101019,8,60.78,Month-to-month,Fiber optic,1,2,0,1,1
C101020,4,59.29,Month-to-month,DSL,0,1,0,1,1
C101021,5,83.4,Month-to-month,None,3,0,1,0,0
C101022,62,35.78,Month-to-month,Fiber optic,2,1,0,1,0
C101023,60,54.01,Month-to-month,DSL,0,0,0,0,0
C101024,59,75.39,Month-to-month,DSL,0,0,1,1,0
C101025,4,77.76,Month-to-month,DSL,1,1,1,1,0
C101026,5,29.41,One year,DSL,2,2,1,1,1
C101027,20,49.38,Month-to-month,Fiber optic,1,2,0,1,1
C101028,40,79.45,Month-to-month,None,0,2,1,1,0
C101029,24,64.15,Month-to-month,Fiber optic,3,0,1,1,1
C101030,35,58.51,One year,Fiber optic,0,1,1,0,0
C101031,12,51.08,Month-to-month,Fiber optic,1,1,0,1,0
C101032,52,48.09,One year,Fiber optic,2,1,1,0,0
C101033,22,60.19,Two year,Fiber optic,2,1,1,0,1
C101034,4,50.46,One year,DSL,0,0,1,1,0
C101035,53,54.23,Month-to-month,None,0,0,1,0,1
C101036,65,56.41,One year,DSL,0,0,1,1,0
C101037,1,42.79,Month-to-month,Fiber optic,1,1,1,0,1
C101038,31,64.58,Month-to-month,None,0,0,1,0,0
C101039,59,107.46,Month-to-month,Fiber optic,1,1,0,1,0
C101040,50,23.01,Month-to-month,DSL,0,0,0,0,0
C101041,61,60.83,Month-to-month,Fiber optic,2,2,1,1,1
C101042,29,41.32,Month-to-month,DSL,1,0,1,1,0
C101043,26,65.39,Month-to-month,Fiber optic,2,0,1,1,1
C101044,51,55.84,Month-to-month,DSL,3,1,1,0,0
C101045,11,68.71,Month-to-month,Fiber optic,0,0,1,1,0
C101046,17,76.16,Two year,None,2,2,1,0,1
C101047,43,58.46,Month-to-month,DSL,1,0,0,0,0
C101048,48,75.38,One year,DSL,0,1,1,0,0
C101049,8,12.8,Month-to-month,Fiber optic,1,0,0,0,0
C101050,36,83.63,Month-to-month,Fiber optic,2,0,1,0,1
C101051,26,61.75,Month-to-month,DSL,2,1,1,0,0
C101052,36,74.4,Month-to-month,DSL,0,0,0,0,0
C101053,69,33.04,Month-to-month,Fiber optic,2,0,0,1,0
C101054,5,40.05,Month-to-month,Fiber optic,2,1,0,0,1
C101055,71,57.63,Month-to-month,Fiber optic,3,1,1,0,1
C101056,32,54.69,Month-to-month,DSL,3,2,1,0,0
C101057,55,60.1,Month-to-month,Fiber optic,0,0,0,0,0
C101058,30,74.52,Month-to-month,DSL,2,1,1,1,1
C101059,22,23.23,Month-to-month,DSL,1,0,0,1,0
C101060,55,72.53,Month-to-month,Fiber optic,2,0,1,1,0
C101061,49,55.15,Month-to-month,DSL,2,1,1,1,0
C101062,10,51.33,Month-to-month,Fiber optic,1,1,0,0,1
C101063,50,28.52,Month-to-month,None,1,1,0,1,0
C101064,54,64.05,Month-to-month,Fiber optic,2,1,1,0,1
C101065,27,11.55,Two year,Fiber optic,1,0,1,0,0
C101066,66,66.67,Month-to-month,DSL,1,0,0,0,0
C101067,46,28.14,Month-to-month,DSL,1,0,1,0,0
C101068,24,55.96,Month-to-month,DSL,1,1,1,1,0
C101069,0,52.85,Two year,Fiber optic,3,0,0,0,0
C101070,48,76.05,One year,Fiber optic,1,1,1,0,0
C101071,15,51.78,One year,DSL,2,0,1,0,0
C101072,54,42.51,Two year,DSL,0,0,0,1,0
C101073,37,45.88,Month-to-month,DSL,0,0,1,1,0
C101074,33,77.91,Two year,Fiber optic,1,1,0,1,0
C101075,11,64.65,Month-to-month,Fiber optic,2,0,0,1,0
C101076,51,48.06,One year,Fiber optic,0,1,0,1,0
C101077,11,50.74,Month-to-month,None,1,2,1,0,0
C101078,30,26.79,Month-to-month,DSL,1,0,1,0,0
C101079,60,61.99,Two year,Fiber optic,0,0,1,0,0
C101080,66,23.32,Month-to-month,Fiber optic,2,0,0,0,1
C101081,71,68.53,Two year,DSL,0,0,1,1,0
C101082,68,57.32,Month-to-month,None,1,1,1,0,1
C101083,40,97.97,One year,DSL,0,0,0,0,1
C101084,14,35.2,Two year,Fiber optic,2,0,0,1,0
C101085,60,53.15,Month-to-month,Fiber optic,1,2,1,0,1
C101086,57,87.37,Two year,None,0,1,0,0,0
C101087,71,76.45,Month-to-month,Fiber optic,1,1,1,0,1
C101088,46,42.47,One year,DSL,2,1,1,1,0
C101089,10,59.03,Month-to-month,Fiber optic,2,0,0,0,0
C101090,36,55.04,Month-to-month,Fiber optic,1,1,1,0,1
C101091,32,60.08,One year,Fiber optic,2,0,1,0,0
C101092,60,42.42,Month-to-month,Fiber optic,1,2,1,1,1
C101093,28,53.39,Month-to-month,DSL,1,2,1,0,0
C101094,23,26.24,Month-to-month,Fiber optic,0,1,1,0,1
C101095,5,57.43,Two year,None,2,1,1,1,1
C101096,60,63.1,Month-to-month,DSL,1,0,0,1,0
C101097,54,50.91,One year,Fiber optic,1,1,1,0,1
C101098,2,25.93,Two year,None,0,0,0,0,1
C101099,31,72.79,Month-to-month,Fiber optic,2,1,1,0,1
C101100,34,61.56,Month-to-month,None,1,0,1,1,0
C101101,33,41.93,One year,DSL,3,0,0,0,0
C101102,66,49.95,Month-to-month,None,2,0,1,1,0
C101103,10,27.99,Month-to-month,DSL,1,1,0,1,1
C101104,22,36.54,One year,Fiber optic,5,0,0,1,1
C101105,13,45.32,Month-to-month,Fiber optic,0,0,1,0,1
C101106,17,77.11,Month-to-month,Fiber optic,1,0,1,1,0
C101107,65,43.49,One year,None,0,0,0,1,0
C101108,67,66.52,Month-to-month,Fiber optic,3,0,1,1,0
C101109,3,45.31,Month-to-month,Fiber optic,2,1,1,0,0
C101110,45,59.46,Month-to-month,Fiber optic,2,0,0,1,0
C101111,16,52.45,Two year,Fiber optic,0,0,1,1,0
C101112,13,70.72,One year,Fiber optic,0,0,0,1,0
C101113,21,45.37,Month-to-month,DSL,1,0,1,1,0
C101114,13,26.69,Month-to-month,Fiber optic,0,0,0,0,0
C101115,35,30.12,Month-to-month,None,0,0,1,0,0
C101116,71,45.43,Month-to-month,Fiber optic,0,0,1,1,1
C101117,42,32.52,Month-to-month,Fiber optic,1,1,0,1,1
C101118,52,62.38,Two year,DSL,1,2,0,1,0
C101119,35,46.62,Month-to-month,Fiber optic,0,0,0,0,1
C101120,1,97.74,One year,DSL,0,0,0,0,0
C101121,6,23.72,Month-to-month,DSL,1,0,1,1,1
C101122,19,58.67,Month-to-month,Fiber optic,1,1,1,1,0
C101123,17,34.7,Month-to-month,DSL,1,1,1,0,1
C101124,60,46.12,Month-to-month,DSL,2,2,1,0,0
C101125,60,57.55,One year,Fiber optic,0,2,1,1,0
C101126,61,13.14,Two year,Fiber optic,1,0,1,0,0
C101127,45,59.26,Two year,Fiber optic,0,0,0,0,0
C101128,40,89.25,Month-to-month,DSL,1,0,0,0,1
C101129,46,46.84,One year,Fiber optic,3,1,0,0,0
C101130,29,59.68,Month-to-month,Fiber optic,2,0,0,0,0
C101131,48,73.45,Two year,Fiber optic,3,1,1,1,0
C101132,57,52.05,Month-to-month,Fiber optic,0,1,0,1,0
C101133,54,44.54,Month-to-month,DSL,2,2,1,1,0
C101134,44,14.04,Month-to-month,None,0,1,1,1,0
C101135,4,66.54,Month-to-month,DSL,1,1,0,0,0
C101136,52,52.96,Month-to-month,Fiber optic,1,0,0,0,0
C101137,26,36.77,Two year,DSL,0,2,1,0,0
C101138,53,57.28,One year,Fiber optic,0,1,1,0,0
C101139,38,44.49,Two year,DSL,0,0,1,1,0
C101140,63,45.49,Month-to-month,None,1,2,1,0,1
C101141,24,65.91,Month-to-month,DSL,3,0,0,1,0
C101142,67,30.91,Month-to-month,Fiber optic,1,0,0,0,0
C101143,60,73.85,Month-to-month,DSL,3,0,0,0,1
C101144,23,29.84,Month-to-month,DSL,1,0,0,0,1
C101145,34,43.07,Month-to-month,Fiber optic,0,0,1,0,0
C101146,38,89.61,Month-to-month,Fiber optic,1,1,1,1,1
C101147,55,75.29,Month-to-month,Fiber optic,2,0,0,1,0
C101148,49,56.76,Month-to-month,None,0,1,0,0,0
C101149,61,38.07,One year,Fiber optic,2,0,1,1,0
C101150,26,45.47,Month-to-month,None,1,2,1,1,1
C101151,36,56.32,Two year,DSL,1,0,0,0,1
C101152,31,55.68,Month-to-month,Fiber optic,2,0,0,0,1
C101153,65,53.36,One year,Fiber optic,2,2,1,0,0
C101154,21,54.45,One year,Fiber optic,2,1,0,0,1
C101155,42,51.14,One year,None,2,0,1,1,0
C101156,8,29.04,One year,Fiber optic,1,2,1,0,0
C101157,61,45.7,Two year,None,1,1,0,0,0
C101158,27,71.46,One year,Fiber optic,3,1,1,1,0
C101159,24,30.37,Month-to-month,DSL,1,1,0,0,0
C101160,41,51.59,Month-to-month,Fiber optic,2,1,0,1,0
C101161,35,40.24,One year,Fiber optic,2,0,0,0,0
C101162,61,57.0,Month-to-month,None,1,3,1,0,0
C101163,38,48.0,Month-to-month,Fiber optic,0,1,0,0,0
C101164,37,81.59,Month-to-month,DSL,2,1,0,0,1
C101165,7,64.12,Month-to-month,DSL,0,1,1,0,1
C101166,1,31.39,Month-to-month,DSL,1,0,0,1,1
C101167,28,67.08,One year,Fiber optic,3,0,1,1,1
C101168,71,41.06,One year,DSL,2,0,1,1,0
C101169,66,44.61,One year,Fiber optic,1,0,1,0,0
C101170,45,60.65,Month-to-month,Fiber optic,1,0,1,1,1
C101171,45,46.15,Month-to-month,Fiber optic,1,1,1,0,0
C101172,28,71.07,Month-to-month,DSL,0,0,0,1,1
C101173,12,41.06,Month-to-month,Fiber optic,0,5,1,1,0
C101174,0,43.86,One year,DSL,3,2,1,1,0
C101175,24,43.19,Month-to-month,None,2,3,1,0,1
C101176,22,44.82,Two year,DSL,1,0,1,1,0
C101177,13,74.79,Month-to-month,DSL,2,0,1,1,0
C101178,18,66.32,One year,DSL,1,1,1,0,0
C101179,1,85.78,Month-to-month,Fiber optic,0,4,0,1,0
C101180,43,95.82,Month-to-month,DSL,0,1,1,0,1
C101181,66,36.45,One year,Fiber optic,0,1,1,0,0
C101182,49,56.27,Month-to-month,Fiber optic,0,1,1,1,0
C101183,32,33.83,One year,Fiber optic,2,0,0,1,0
C101184,30,41.0,Month-to-month,DSL,1,1,1,0,0
C101185,22,43.66,Month-to-month,DSL,0,0,1,0,1
C101186,10,35.97,Month-to-month,Fiber optic,3,1,1,0,1
C101187,43,36.07,One year,DSL,2,0,1,0,0
C101188,40,52.4,Month-to-month,Fiber optic,0,0,1,0,0
C101189,0,33.1,Two year,DSL,0,1,0,0,0
C101190,29,70.16,One year,Fiber optic,3,1,0,1,1
C101191,20,38.48,One year,DSL,2,1,1,0,0
C101192,12,105.57,Month-to-month,Fiber optic,2,1,1,0,0
C101193,50,46.88,One year,DSL,1,0,1,0,0
C101194,37,56.3,Two year,Fiber optic,2,0,0,0,1
C101195,45,31.68,Month-to-month,DSL,1,1,0,0,0
C101196,51,85.71,Month-to-month,None,1,0,1,0,0
C101197,70,75.15,Month-to-month,Fiber optic,1,2,1,0,1
C101198,57,60.34,Month-to-month,DSL,1,0,1,0,0
C101199,44,30.76,One year,DSL,2,0,1,1,0
